[
  {
    "question": "¿Cuál es el planeta más cercano al Sol?",
    "answer": "Mercurio"
  },
  {
    "question": "¿Qué es un agujero negro y cómo se forma?",
    "answer": "Un agujero negro es una región del espacio con una gravedad tan intensa que nada puede escapar de él, y se forma cuando una estrella masiva colapsa tras agotar su combustible nuclear."
  },
  {
    "question": "¿Cómo se originan las estrellas?",
    "answer": "Las estrellas se forman a partir del colapso gravitacional de nubes de gas y polvo, denominadas nebulosas."
  },
  {
    "question": "¿Qué es una supernova y cuál es su importancia?",
    "answer": "Una supernova es la explosión violenta de una estrella al final de su ciclo vital; es importante porque dispersa elementos pesados por el universo y puede desencadenar la formación de nuevas estrellas."
  },
  {
    "question": "¿Cuánto dura un día en Marte?",
    "answer": "Un día en Marte dura aproximadamente 24 horas y 39 minutos."
  },
  {
    "question": "¿Qué características definen a la Vía Láctea?",
    "answer": "La Vía Láctea es una galaxia espiral que contiene miles de millones de estrellas, junto con gas, polvo y materia oscura, distribuidos en brazos espirales."
  },
  {
    "question": "¿Qué tipos de galaxias existen y en qué se diferencian?",
    "answer": "Existen galaxias espirales, elípticas e irregulares. Se diferencian en su forma, distribución de estrellas, tasa de formación estelar y estructura general."
  },
  {
    "question": "¿Qué son los exoplanetas y cómo se detectan?",
    "answer": "Los exoplanetas son planetas que orbitan estrellas fuera de nuestro sistema solar y se detectan mediante métodos como el tránsito, la velocidad radial y la imagen directa."
  },
  {
    "question": "¿Cuáles son las principales fases en la vida de una estrella?",
    "answer": "Las fases incluyen la nebulosa, la secuencia principal, la fase de gigante o supergigante y, finalmente, el remanente estelar, que puede ser una enana blanca, una estrella de neutrones o un agujero negro."
  },
  {
    "question": "¿Qué se entiende por la teoría del Big Bang?",
    "answer": "La teoría del Big Bang describe el origen y la expansión del universo a partir de un estado extremadamente caliente y denso hace aproximadamente 13.8 mil millones de años."
  },
  {
    "question": "¿Cómo se miden las distancias en el espacio?",
    "answer": "Se utilizan técnicas como la paralaje, las velas estándar y el corrimiento al rojo para estimar distancias en el espacio."
  },
  {
    "question": "¿Qué es la materia oscura y por qué es importante en cosmología?",
    "answer": "La materia oscura es una forma de materia que no emite luz ni radiación detectable, pero cuya presencia se infiere por sus efectos gravitatorios sobre la materia visible, siendo clave para entender la estructura del universo."
  },
  {
    "question": "¿Qué se sabe sobre la energía oscura?",
    "answer": "La energía oscura es una fuerza misteriosa que impulsa la aceleración de la expansión del universo, aunque su naturaleza exacta aún es desconocida."
  },
  {
    "question": "¿Qué satélites naturales posee la Tierra, además de la Luna?",
    "answer": "La Tierra tiene oficialmente a la Luna como satélite natural; aunque existen objetos temporales o 'cuasi-satélites', ninguno posee la estabilidad de la Luna."
  },
  {
    "question": "¿Qué es la Estación Espacial Internacional (ISS) y cuál es su función?",
    "answer": "La ISS es una estación orbital que sirve como laboratorio de microgravedad para realizar experimentos científicos en diversas áreas, desde biología hasta física."
  },
  {
    "question": "¿Quién fue el primer ser humano en pisar la Luna y en qué año ocurrió?",
    "answer": "Neil Armstrong fue el primer ser humano en pisar la Luna en 1969 durante la misión Apolo 11."
  },
  {
    "question": "¿Cómo se protegen las naves espaciales de la radiación cósmica?",
    "answer": "Se utilizan materiales de blindaje, diseños específicos y, en algunos casos, estrategias de trayectoria para minimizar la exposición a la radiación cósmica."
  },
  {
    "question": "¿Qué características distinguen a un cometa de un asteroide?",
    "answer": "Los cometas están compuestos de hielo, polvo y roca y suelen desarrollar colas cuando se acercan al Sol, mientras que los asteroides son cuerpos rocosos o metálicos sin colas."
  },
  {
    "question": "¿Qué es un asteroide y cuál es su origen?",
    "answer": "Un asteroide es un cuerpo rocoso que orbita el Sol, originado de los restos del material que no llegó a formar planetas durante la formación del sistema solar."
  },
  {
    "question": "¿Qué se entiende por constelación en astronomía?",
    "answer": "Una constelación es un grupo de estrellas que forma un patrón reconocible en el cielo, tradicionalmente asociado a figuras mitológicas o culturales."
  },
  {
    "question": "¿Qué planetas del sistema solar poseen anillos y por qué?",
    "answer": "Saturno, Júpiter, Urano y Neptuno poseen anillos formados por partículas de hielo y roca; en el caso de Saturno, los anillos son especialmente prominentes."
  },
  {
    "question": "¿Cuáles son los componentes principales de un sistema planetario?",
    "answer": "Un sistema planetario se compone de una estrella central, planetas, lunas, asteroides, cometas y polvo interplanetario."
  },
  {
    "question": "¿Qué técnicas utilizan los astrónomos para descubrir nuevos planetas?",
    "answer": "Se emplean métodos como la observación de tránsitos, la técnica de velocidad radial, la imagen directa y la microlente gravitacional."
  },
  {
    "question": "¿Cómo contribuyen los telescopios a la exploración del universo?",
    "answer": "Los telescopios captan y analizan la luz de objetos distantes, permitiendo estudiar la composición, estructura y evolución de galaxias, estrellas y otros cuerpos celestes."
  },
  {
    "question": "¿Qué descubrimientos ha permitido el telescopio Hubble?",
    "answer": "El Hubble ha proporcionado imágenes detalladas de galaxias, nebulosas y cúmulos estelares, además de ayudar a medir la expansión del universo y detectar exoplanetas."
  },
  {
    "question": "¿Qué aportes se esperan del telescopio espacial James Webb?",
    "answer": "Se espera que el James Webb observe las primeras galaxias, estudie la formación de estrellas y planetas, y profundice en el análisis de atmósferas de exoplanetas."
  },
  {
    "question": "¿Qué son las nebulosas y cómo se clasifican?",
    "answer": "Las nebulosas son nubes de gas y polvo en el espacio y se clasifican en nebulosas de emisión, de reflexión, oscuras y planetarias, según sus características y procesos de iluminación."
  },
  {
    "question": "¿Qué es un cúmulo de galaxias?",
    "answer": "Un cúmulo de galaxias es una agrupación de cientos o incluso miles de galaxias que se mantienen unidas por la gravedad."
  },
  {
    "question": "¿Cómo influye la gravedad en la estructura y evolución del universo?",
    "answer": "La gravedad es la fuerza que da forma a la estructura del universo, controlando la formación de galaxias, cúmulos y otros grandes sistemas, y afectando la dinámica cósmica."
  },
  {
    "question": "¿Qué causa las lluvias de meteoros y cómo se observan?",
    "answer": "Las lluvias de meteoros ocurren cuando la Tierra atraviesa la estela de escombros dejada por un cometa; estos fragmentos se queman en la atmósfera produciendo destellos luminosos."
  },
  {
    "question": "¿Qué es un exoplaneta habitable y qué criterios se usan para identificarlo?",
    "answer": "Un exoplaneta habitable es aquel que se encuentra en la zona habitable de su estrella, donde las condiciones podrían permitir la existencia de agua líquida y, potencialmente, vida."
  },
  {
    "question": "¿Qué significa la 'zona habitable' alrededor de una estrella?",
    "answer": "La zona habitable es la región en torno a una estrella donde las temperaturas permiten que exista agua líquida en la superficie de un planeta."
  },
  {
    "question": "¿Qué son los supercúmulos de galaxias?",
    "answer": "Los supercúmulos son grandes estructuras que agrupan múltiples cúmulos de galaxias, extendiéndose a escalas de cientos de millones de años luz."
  },
  {
    "question": "¿Cómo se forman los sistemas planetarios?",
    "answer": "Se forman a partir del colapso de una nube molecular que genera un disco protoplanetario, donde la materia se aglutina para formar planetas, lunas y otros cuerpos."
  },
  {
    "question": "¿Qué métodos se emplean para estimar la edad del universo?",
    "answer": "Se utilizan mediciones del fondo cósmico de microondas, el corrimiento al rojo de galaxias y modelos de evolución estelar para estimar la edad del universo."
  },
  {
    "question": "¿En qué consiste la teoría de la relatividad general de Einstein?",
    "answer": "La relatividad general describe la gravedad como la curvatura del espacio-tiempo causada por la masa y la energía, modificando la forma en que se mueven los cuerpos."
  },
  {
    "question": "¿Qué efectos tiene la microgravedad sobre el cuerpo humano en el espacio?",
    "answer": "La microgravedad puede provocar pérdida de masa ósea, atrofia muscular, cambios en la distribución de fluidos y otros efectos fisiológicos en los astronautas."
  },
  {
    "question": "¿Qué se entiende por misión espacial y cuáles son sus objetivos?",
    "answer": "Una misión espacial es una operación planificada para explorar el espacio, realizar experimentos científicos o desplegar satélites, entre otros objetivos."
  },
  {
    "question": "¿Cuál es la importancia de la exploración espacial para la ciencia?",
    "answer": "La exploración espacial amplía nuestro conocimiento sobre el universo, impulsa avances tecnológicos y tiene aplicaciones prácticas en la vida diaria, como en comunicaciones y meteorología."
  },
  {
    "question": "¿Qué avances tecnológicos han surgido gracias a la investigación espacial?",
    "answer": "Entre ellos se destacan mejoras en la tecnología de satélites, GPS, materiales avanzados, procesamiento de imágenes y tecnologías médicas derivadas de investigaciones en microgravedad."
  },
  {
    "question": "¿Qué trayectoria sigue la sonda espacial Voyager 1 y qué ha descubierto?",
    "answer": "Voyager 1 ha dejado el sistema solar y se dirige al espacio interestelar, proporcionando datos sobre los planetas exteriores y el medio interplanetario."
  },
  {
    "question": "¿Cuáles fueron los hallazgos principales de la sonda New Horizons en Plutón?",
    "answer": "New Horizons reveló detalles geológicos sorprendentes en Plutón, como montañas de hielo, planicies vastas y una compleja atmósfera tenue."
  },
  {
    "question": "¿Qué desafíos presenta la vida prolongada en el espacio para los astronautas?",
    "answer": "Entre los desafíos se incluyen los efectos de la microgravedad, la exposición a radiación, el aislamiento psicológico y la dificultad de realizar tareas en ambientes extremos."
  },
  {
    "question": "¿Qué ocurre durante un eclipse solar y cómo se produce?",
    "answer": "Un eclipse solar se produce cuando la Luna pasa entre la Tierra y el Sol, bloqueando total o parcialmente la luz solar en ciertas áreas de la Tierra."
  },
  {
    "question": "¿Cómo se produce un eclipse lunar?",
    "answer": "Un eclipse lunar ocurre cuando la Tierra se interpone entre el Sol y la Luna, proyectando su sombra sobre la Luna."
  },
  {
    "question": "¿Qué métodos se utilizan para estudiar el clima en otros planetas?",
    "answer": "Se emplean técnicas de teledetección, espectroscopía y misiones espaciales equipadas con instrumentos meteorológicos para analizar la atmósfera y el clima de otros planetas."
  },
  {
    "question": "¿Qué es la heliosfera y cuál es su relevancia en el sistema solar?",
    "answer": "La heliosfera es una burbuja formada por el viento solar que envuelve al sistema solar, protegiéndolo parcialmente de la radiación cósmica interstelar."
  },
  {
    "question": "¿Qué instrumentos se emplean para detectar y estudiar exoplanetas?",
    "answer": "Se utilizan telescopios espaciales y terrestres, espectrómetros y técnicas de análisis de luz, como el método de tránsito y la velocidad radial."
  },
  {
    "question": "¿Qué papel juegan los telescopios terrestres en la astronomía moderna?",
    "answer": "Los telescopios terrestres continúan siendo fundamentales para la observación detallada de cuerpos celestes y complementan la información obtenida por telescopios espaciales."
  },
  {
    "question": "¿Cuáles son algunos de los misterios aún sin resolver en el estudio del universo?",
    "answer": "Entre los misterios se encuentran la naturaleza exacta de la materia y energía oscura, el origen de la inflación cósmica y detalles sobre la formación y evolución de las galaxias."
  }
]
